temperature,vibration,rpm,current,health
74.96714153011233,5.399355436586002,2662.410862512809,10.460962210613046,1
68.61735698828815,4.924633682912769,2927.740664642241,15.69807494610249,1
76.47688538100692,4.059630369920174,2603.7900395000192,17.931972332891778,1
85.23029856408026,3.353063222294426,2846.01923518048,29.43843828670095,1
67.65846625276664,4.69822331361359,2053.192666523107,22.78276562266879,1
67.6586304305082,4.39348538542175,3106.6468536864695,13.322592154500544,1
85.79212815507391,4.895193220027732,3000.602737681112,22.430181447088184,1
77.67434729152909,4.635171801681969,2591.4556844659046,12.263480055308172,1
65.30525614065049,5.049552715319335,3329.6228342162026,25.413455269435367,1
75.42560043585965,3.464764788439432,3468.7850688132794,17.64437674091061,1
65.36582307187538,5.317394065634326,2196.220067815513,19.531819056304144,1
65.34270246429743,4.1975996046924,2618.637610716893,26.62898323771095,1
72.41962271566034,6.0752608726252655,2615.428825106351,13.56418215707875,0
50.86719755342202,3.310812181910432,2530.0484494455677,13.014409074435044,1
52.75082167486967,5.73596380316525,3414.737420965874,17.082003368269977,1
64.37712470759027,4.197910783462648,2903.0869306135983,25.191894255096585,1
59.87168879665576,3.3485819963855517,2867.7425793446946,12.403269622615788,1
73.14247332595274,3.5161141659456785,1998.0688177966233,5.839222009447155,1
60.91975924478789,3.6796526918056798,3317.709015104613,17.744205707955008,1
55.87696298664709,4.424165946401916,2380.370802573264,22.7587039995546,1
84.65648768921554,4.5228354880355,3029.9663151331642,26.001308748694147,1
67.74223699513465,3.426299996061421,3138.688468979096,17.684193189573005,1
70.67528204687923,3.9756454077390173,3680.3292979193257,17.942866964419988,1
55.75251813786544,6.142270358611864,2345.589800440444,25.769503671278734,0
64.55617275474818,5.727543170100711,1490.2439220895874,10.651291501522897,1
71.10922589709867,4.4363236696740325,3091.9247723768476,18.057396124084953,1
58.490064225776976,4.0380034781682,3900.255590755427,20.95211944962529,1
73.75698018345672,4.120031326718261,3619.4731764697185,22.24609360642517,1
63.99361310081195,4.613517972730417,3104.829707637313,17.450966534045588,1
67.08306250206724,2.9772074348015947,2754.1819071839764,20.172205058529208,1
63.98293387770603,3.742623462576655,3403.561298318655,7.5583632329350525,1
88.52278184508938,2.3314159261224106,2513.2269001477657,16.70875793833076,1
69.86502775262066,4.399223122605279,3238.1788846781096,22.26754356277234,1
59.422890710440996,4.647195939702741,3252.7350795833136,15.088529828726603,1
78.22544912103189,3.516813537700626,3530.10495374944,20.294921107947985,1
57.791563500289776,5.573986763290033,4379.830019455539,22.23436250401349,1
72.08863595004756,2.774234336997659,3196.2079835893837,18.287253995711175,1
50.403298761202244,2.53562511979018,2745.5181871462505,20.852318854982855,1
56.71813951101569,4.224451818559972,2987.212843904003,15.186337173576938,1
71.96861235869123,5.047098302612154,2115.462047555441,18.966943601519766,1
77.3846657999541,5.6839276914578685,2652.643434455471,23.051080847946114,1
71.7136828118997,3.5411157371310598,2795.358780943448,20.784864804842172,1
68.8435171761176,5.078680833431296,2737.9558010327037,17.067343652180323,1
66.98896304410711,3.9614915304992926,3076.177436016861,21.121082021453965,1
55.214780096325725,3.8273727000591804,2588.7900338089,23.57304895318309,1
62.801557916052914,4.883659937486672,3560.5153336622357,9.75029360711261,1
65.39361229040213,4.65232287841342,3000.1035324590985,25.79537032477949,1
80.57122226218915,2.4236078430157506,2995.349839430693,18.31872630659464,1
73.43618289568461,5.476540349725896,2836.0526417435412,22.12744966620115,1
52.36959844637266,5.380091354147451,3077.5953419294897,25.98623461822614,1
73.24083969394795,3.3744372984904705,3412.5491323338174,13.14163151384767,1
66.14917719583684,4.395803533437409,2566.43489214455,16.452794987862266,1
63.23077999694041,4.494030186282739,2670.9417554623715,18.557256520621475,1
76.11676288840867,4.260673765823907,2848.1369856116676,16.081232394377857,1
80.30999522495951,3.4496948461545798,2327.0645382633925,28.67468287918404,1
79.31280119116198,3.3283766320619486,2590.371070139251,15.716139530866037,1
61.607824767773614,3.9744459290085548,2761.8895632276704,17.222266102565666,1
66.90787624148786,5.172729019259364,3437.1945903563637,21.021945158014884,1
73.31263431403563,4.543600154594432,3131.2806645009623,13.989252369619557,1
79.75545127122359,3.629385667913894,3096.794955683772,18.02159644121868,1
65.2082576215471,4.771698710648344,3425.448981083986,21.587266306250875,1
68.14341023336183,1.1514573793699245,2931.3141058003016,18.335697978087445,1
58.93665025993972,5.1487657003721035,3195.232424964445,19.53306570550026,1
58.037933759193294,2.2602862212219,2948.389123533752,17.353339437758144,1
78.12525822394198,3.637559058596868,3132.681174699814,12.427648454096165,1
83.56240028570824,2.880330105373856,2708.620671194209,21.607966056696192,1
69.27989878419666,2.705318524279094,1780.5914208617855,28.774665358236206,1
80.03532897892023,5.16082678737852,2932.860418906848,20.09200815391719,1
73.61636025047635,3.5322987986881085,3711.37406804997,21.126320586237746,1
63.54880245394876,4.346503881730715,3463.1077011207963,23.463613775584296,1
73.61395605508415,3.953079421120816,3482.6987422955854,13.653347517266504,1
85.38036566465969,4.477040827223122,3618.0653609031087,28.512573290648028,1
69.64173960890048,4.076821891060256,3044.328795480719,21.01164398211401,1
85.64643655814007,2.7170077758114304,3098.6578537027976,28.159284495445544,1
43.80254895910255,4.99626681944714,2691.174052282825,16.334835022380055,1
78.21902504375224,3.5062434168386876,2841.963571986475,29.090309612789124,1
70.87047068238171,2.443418101340249,3307.885574885571,23.875777470173915,1
67.00992649534132,3.5718848390340874,3601.9422185844082,22.765200429261792,1
70.91760776535503,5.50075979063431,2930.2768621595,21.17012227176574,1
50.124310853991076,4.850221742113493,2774.9053675742944,18.757356909627752,1
67.80328112162488,3.651347865592141,3000.2639794282986,26.00265829236936,1
73.57112571511746,3.6507422956815714,3300.6033744645574,20.701799349240236,1
84.77894044741517,3.6783649487826175,2278.072591933229,10.164651482064238,1
64.81729781726352,6.076747983560841,1851.9095234313809,14.414067691464988,0
61.91506397106812,4.381935452231553,2724.731575254208,19.070771239036265,1
64.98242956415463,4.43004164719107,2389.643787042921,21.549994915827774,1
79.15402117702074,5.030283454031842,2745.9299011763446,19.71705755550052,1
73.28751109659684,4.238789159026513,2926.1098405912644,26.094853948968314,1
64.70239796232961,3.740957854179297,2773.375795488493,10.244490679806876,1
75.13267433113356,3.8036501509150216,3726.233767235373,20.717939682525802,1
70.9707754934804,3.928398740585936,3163.37238230116,10.910103873064227,1
79.68644990532889,3.962777763490158,3150.237179805414,23.79856147742084,1
62.979469061226474,4.72762954363698,3311.103572021701,19.527706427789987,1
66.72337853402232,4.051945885807299,2430.5834411096157,22.09804986012059,1
66.07891846867842,4.73264007721558,3519.555893710134,15.680585197051169,1
55.364850518678814,3.9192834198914177,2962.11785673227,26.397324658288756,1
72.96120277064576,4.07863519031609,3335.2403086206064,25.208623320294258,1
72.6105527217989,2.0017993154678924,2464.071383479922,22.917721515059437,1
70.05113456642461,4.916327674702481,2223.120616991968,19.352413765682797,1
67.65412866624852,4.346488475897993,3408.944829012514,22.899286426475662,1
55.84629257949586,4.998010109859652,3188.204763048758,16.465537160063256,1
65.79354677234642,1.1037446218063107,2548.974222821245,24.27777829510356,1
66.57285483473231,6.088374704780728,2565.168459362653,28.247404471619603,0
61.97722730778381,3.8604103718448264,3562.717392207385,25.35305279989593,1
68.3871428833399,5.108182816737516,2405.294053566336,16.351987650962954,1
74.04050856814538,2.960094072874469,3821.336476627982,21.807086586365514,1
88.8618590121053,4.61277390506257,2549.6896326760657,13.534292281206762,1
71.74577812831839,2.9465844368263436,3319.1959628041914,22.861951555878377,1
72.57550390722764,3.3762310393041948,2835.6907621255077,22.253017064312694,1
69.25554084233833,5.914031353866786,3301.5937155411716,10.65091830233918,1
50.812287847009586,3.8093175992366533,2727.9429989429036,14.191080780438181,1
69.73486124550783,4.217432873179723,2918.6035469638528,18.584305516281166,1
70.60230209941027,4.8700677306887545,3020.4595876978606,18.495701264295867,1
94.63242112485287,4.495681887972605,2498.9062721092637,13.952615322905974,0
68.07639035218878,4.150418905143576,3370.412172710063,21.944893646760917,1
73.01547342333612,4.3649610024662255,2743.3932167642074,21.25736804470256,1
69.65288230294756,6.403415585238275,2885.7000423299905,19.028654340107405,0
58.31321962380468,3.9423812029664145,2502.825312695744,16.221042499208185,1
81.4282281451502,4.201099046714967,1718.8331706023448,25.243535632082818,1
77.51933032686775,5.050654396007612,2904.4861186999156,28.277035565441476,1
77.91031947043047,5.105525932957984,4206.307710806458,17.582192580767316,1
60.906125452052606,5.187030305560381,3392.302143949012,16.939165414225897,1
84.02794310936099,4.638730222029185,2990.3698101328027,22.456038327059982,1
55.98148937207719,2.8569950872695165,2868.554585395866,18.209853101265068,1
75.8685709380027,5.6334315323010955,3011.232946406023,19.30301399668383,1
91.90455625809979,2.853654606981312,3273.559557587605,23.698265758623357,0
60.09463674869312,4.3026354652390335,2409.5935923455777,10.453219562463536,1
64.33702270397228,3.245724149980642,3557.160847334436,26.591511624263347,1
70.99651365087641,3.9358616534070077,3357.690657720622,20.363402621646706,1
64.965243458838,4.32876241030348,3359.0928628539673,17.9425342771891,1
54.493365689338674,4.3213572154502735,3219.2378694048634,19.553829228892756,1
70.68562974806028,4.421920754235285,3009.8083288469948,19.812146775102594,1
59.37696286273895,5.613711269058647,3336.43061798341,11.343993482775373,1
74.73592430635182,4.453534301513979,3295.907066870689,27.47469113726618,1
60.80575765766197,3.755843364709351,2822.9796445294883,20.20662816135309,1
85.4993440501754,4.964087168288358,2713.1991135515495,22.215010652236877,1
62.16746707663763,5.18947048892464,3050.9281476309934,24.757748852870215,1
66.77938483794324,2.7723921848630075,3774.510075747594,14.894187712198498,1
78.1351721736967,4.597400069849858,2380.4464621730494,22.367359495176142,1
57.69135683566045,4.701172742310899,2266.23736712378,18.661794545506034,1
72.2745993460413,3.702436496640008,3082.3804206182585,24.23385387608247,1
83.07142754282428,5.37570681331162,3025.443850928009,9.363862898242523,1
53.92516765438772,3.8499444129674734,3086.6708321852043,19.504528498793654,1
71.84633858532304,4.125576453471543,3121.97659895425,16.98589672108019,1
72.59882794248423,3.82692817571613,2888.3988726825974,22.161314753170778,1
77.81822871777311,4.015579047581467,3744.931719301041,22.350220936841012,1
57.63049289121918,2.9037249131047984,2199.5480107617423,16.46187052588987,1
56.795433869157236,2.5599491174057056,2585.751487609877,16.43913067911978,1
75.21941565616898,5.594505063224972,2948.372619925476,19.446673157213354,1
72.96984673233186,3.153038651681672,2178.4055944229162,15.516788863423958,1
72.50492850345877,3.0086076505436927,2912.0727977839642,24.209918477260636,1
73.46448209496975,1.8466098863962852,3830.735082864009,18.15396399776277,1
63.19975278421509,3.3610382523104976,3010.4432441479807,5.4650589033917925,1
72.32253697161003,2.6769102065925017,3115.3504528593417,18.12588971689097,1
72.93072473298682,5.642015160136369,2369.91761741371,14.807280895780139,1
62.85648581973632,5.009817089342635,2691.8192959802614,11.843620922695273,1
88.65774511144757,3.311849654822276,2812.4018098380316,13.812866808887136,1
74.73832920911788,6.252435805344309,2841.142451621883,20.547042359164852,0
58.08696502797351,4.981765486991594,3640.8218975018845,26.643204141241156,1
76.5655360863383,3.6751686164913777,3278.8455303625624,21.565922369324902,1
60.253183297726785,1.500594285126427,2444.271021531484,16.967483058921303,1
77.87084603742451,6.290942572590742,3123.2523892160025,22.279520975853515,0
81.58595579007404,2.610427533236404,3249.1108742483925,17.70454844890504,1
61.7931768164829,2.354601253043108,3570.074519260633,16.526998154184277,1
79.63376129244321,5.0225704320096405,3790.2703432841868,14.228186658835078,1
74.12780926936499,6.439752406339273,2492.4529040860657,11.240855966241405,0
78.2206015999449,5.384272818510518,2594.571244394831,18.050381467202772,1
88.96792982653947,4.56390912005236,2371.211070542692,20.79026744960066,1
67.5461188399713,4.594754341665286,2882.9900704465094,19.51688164992555,1
62.4626383564251,4.853415558780307,3233.1791872231674,17.920165360263205,1
61.10485570374477,4.758928589786765,3493.667258294551,15.271269696516095,1
61.841897150345616,4.281191423969376,2962.0244881787385,23.041230958424844,1
69.22898290585896,4.104201103951876,2840.076238372578,13.414340400267076,1
73.41151974816644,3.937406872100478,3075.87899612437,23.880139569217377,1
72.7669079933002,3.246035411133324,2582.4285491849887,14.988914905366375,1
78.27183249036024,3.719324923133226,4044.7693608473865,16.237823813234826,1
70.13001891877907,2.3070431858046145,2196.1694864409706,12.666074046921615,1
84.53534077157317,3.90166037320525,3092.3702894478624,17.492989265571815,1
67.35343166762044,3.0114088928490825,4011.8031096148197,24.876562292389895,1
97.20169166589619,2.896410682784229,3003.399922279999,22.578140442219784,0
76.25667347765007,4.179894151153478,2904.980482499253,24.892110560140175,1
61.42842443583717,5.392002286344599,2821.2772885947866,22.61071272966968,1
59.29107501938888,4.918316606002313,2909.804159118796,14.481650857348153,1
74.82472415243186,2.4294993963768228,3686.424237338265,18.346053878362213,1
67.7653721467415,3.0103718634296626,1894.0690443352466,16.099004354412685,1
77.14000494092092,4.940771187988216,3766.716850648163,26.6528745201952,1
74.73237624573545,3.0175126064616906,2288.0214237749274,14.016056767868442,1
69.27171087343127,3.7753668500029756,2866.6738353827927,24.468488446945553,1
61.532062819315954,4.550052099024552,2785.377789850669,24.464769350543847,1
54.851527753141355,3.0316555451363647,3294.2766348853597,29.148101008580436,1
65.53485047932979,4.10537550614596,2200.9378240581264,17.951567036852513,1
78.56398794323472,2.6659745050817953,3231.0863330409716,23.561610797900812,1
72.14093744130204,3.398632356048786,4012.154811643426,31.408259182694213,1
57.542612212880115,4.3197819341425365,2318.4129977035946,16.911791615331516,1
71.73180925851182,2.407006266468331,3094.853083805198,12.324798762338201,1
73.85317379728836,4.440474737960399,2669.0089111016955,10.599949830461181,1
61.16142563798867,3.980362201073319,3212.943603096518,23.563560144306656,1
71.53725105945527,4.5524899544171475,3009.573888707876,10.58424895970708,1
70.58208718446,4.223914134064661,2679.256545477845,18.138404735310385,1
58.57029702169377,5.364140429973844,3243.936142435537,22.186565935194803,1
73.57787360348283,4.1252245026479075,3902.1740548933717,20.92587768414957,1
75.60784526368235,3.570594458874747,2904.5481041363505,22.12722432092086,1
80.83051243175277,4.122297503032284,3359.878971074091,21.11144927900427,1
80.53802052034902,4.543298029036388,2353.363521064418,26.394329066566968,1
56.22330632042909,4.048860070325705,2521.781811590996,15.238418096306015,1
60.62174960084877,4.040591691203883,3236.2031389401886,16.615024307707344,1
75.1503526720866,3.298008312193245,3742.0580142679823,16.13670277364588,1
75.1378595091221,3.337099082449052,3177.80667439283,24.150959059313053,1
75.15047686306048,2.5973947282003067,2843.470984738423,24.501992941975317,1
108.52731490654722,5.749576743186939,2999.645702711677,22.25612659659254,0
75.70890510693167,2.7561367646087147,2374.796133015141,25.917468334449637,1
81.35565640180599,3.3070948022040927,3302.2576631776833,14.109795663118096,1
79.54001763493203,3.2815927344308027,3441.1665311617044,28.336120557755685,1
76.51391251305797,4.8949243769444415,2773.9548335834597,27.61619310856129,1
66.84730755359655,3.705050321707972,2764.978926120249,23.678109986228733,1
77.58969220493267,5.247742072673734,3132.9391148260243,28.9089945438553,1
62.27174785462428,3.3265093757561317,2781.6401319797023,11.716883961611131,1
67.63181393259991,4.278994162223802,2966.9336926870888,17.377759318686742,1
65.14636452170896,3.164652946740243,4049.8608945832575,16.32348269659024,1
70.81874139386322,6.145149127773388,2876.4871496270016,23.607396618786716,0
93.14658566673509,2.812401580970487,2820.829923989389,14.749296301989272,0
51.32734807408252,4.309820710227028,2676.2290971824204,23.787475746687427,1
76.86260190374513,4.633776880932098,3372.0959857499683,26.852680719983567,1
53.87284128810349,4.4137990974514985,2909.3879133909486,23.476014500419996,1
65.28068134210567,3.814712341122292,2675.313480839287,21.418755118307505,1
80.88950596967366,3.8701793002665736,3660.652016136506,15.060633295496254,1
70.64280019095463,4.04381147197911,3709.801502256819,15.765745169373176,1
59.22255222070694,3.8529979983715115,2699.7882171306474,26.248094526483335,1
62.84696290740032,4.96387911679491,2066.730024319692,23.896745019526662,1
76.79597748934675,6.210523001591351,3503.756844918461,19.80490240311228,0
62.69633368282864,3.4425082149921664,2657.685087119998,17.91045227117055,1
72.16458589581976,2.630197020420922,3395.3127995813843,9.870960634443115,1
70.45571839903813,3.911717951648745,2014.9480911440824,14.645737906577807,1
63.483996523941826,6.579709337654318,3446.2986691496544,29.557095435698617,0
91.43944089325325,3.196325432030269,2394.4140353596094,13.597722144987667,0
76.33919022318011,5.6391168054440675,3365.3820595332622,20.947399106105404,1
49.74857413342393,5.677700814076441,3007.136533918217,25.03721986597599,1
71.86454314769428,3.4464117582920055,2523.0302903016777,13.725386659988537,1
63.38213535231612,4.5689830791852755,2796.4818435366096,20.923552373905416,1
78.52433334796224,5.628396623128538,3343.1592284783505,24.689577687553275,1
62.07479261567299,3.620872259012513,3052.9472265576173,20.06249660953625,1
68.85263558533102,3.796419639897638,3292.206490236242,34.34201527833384,1
75.04987278980457,3.418319086051356,3988.2202922577426,11.657003705609023,1
78.65755194170121,2.985243269307133,2217.8791941444742,25.293642649419397,1
57.997035929442234,3.350722454933993,3808.606287484312,19.135991313017676,1
66.65498764159051,2.7760597332377435,3052.1779687616063,23.859600774183377,1
65.25054688839043,4.034083468259226,2550.607975838436,22.20653575849623,1
63.46670767426288,3.230026768941358,2334.843187130505,16.334219014450017,1
87.65454240281096,4.233785911790748,2905.4398046114834,21.1449819622967,1
74.04981710960955,2.444104353796373,3460.8250559622297,10.710492743008563,1
57.391160456649544,4.330880232214457,2936.2254398112327,23.016237502856967,1
79.17861947054776,4.833528961608924,3755.577465123674,21.49079232995263,1
91.22156197012633,2.0062643574285444,2274.4121549742204,23.19330084321551,0
80.32465260551147,4.374056569847572,2993.9555260769725,25.290591625435752,1
54.80630034045987,5.227668992473292,2373.8032777934404,21.838099201048554,1
65.15765927133748,2.7903589813087946,3181.815941312484,20.740447098991382,1
82.66911149186623,5.672572386837704,3443.44369504865,15.59465831669354,1
62.92330534381219,4.419019009366045,2789.6191031594735,16.438896181754746,1
74.43819428146229,3.294988144241591,1697.893071686433,25.933673100886654,1
77.74634053429337,3.9442309223422938,3099.474073398247,27.181677028529894,1
60.730695284219166,4.558326912521722,3218.369275866755,18.80944781843973,1
69.404746439382,4.076005391412411,3202.1473774808487,20.230013736266372,1
37.58732659930927,4.538755992446369,3617.891095911077,15.476928125031169,1
59.756123586657104,3.0793264069206336,2464.4731601754756,25.863784226337224,1
67.4743184860684,4.169360824036078,3340.1080527252248,23.32708411845889,1
57.52216818035151,2.58628550309502,3596.2537562389875,29.706087182318747,1
86.32411303931636,3.8887739386513,2110.706207996742,15.608384614101306,1
55.69858622039367,3.09609235853521,3159.8259129594885,18.109960504908916,1
65.59955513303017,3.264470057410233,2747.910084496164,21.157229612627862,1
71.30740577286092,5.236093175210438,2959.2386634491772,23.232447688628852,1
84.41273289066116,5.091310120594269,3173.8382417691682,18.92166181226184,1
55.6413784882056,4.609138120907177,2756.385717943224,15.635194547731498,1
81.63163752154959,2.907687235327421,2662.145960419194,24.407037644617855,1
70.10233061019586,3.683591550305198,3017.076208744012,23.605676812727907,1
60.18491348952049,5.213097699979183,2456.3770305685985,15.418629497181374,1
74.6210347426327,4.141716913639905,2457.0874355574074,26.77721400552748,1
71.9905969557347,6.319329539981695,3339.6866414782517,25.85099354598302,0
63.99783122841205,4.3933178393943715,2425.602982420672,20.671482486238965,1
70.69802084990019,4.192049116490032,3333.156250454606,20.39798931188018,1
66.14686403138239,3.6908835357974987,3231.2956464269755,22.770288855579537,1
71.13517345251248,4.133540904782282,2137.0966356047015,15.69148464871871,1
76.62130674521046,3.847530163619456,2661.2176738321723,20.15015739582041,1
85.86016816145352,4.708108676688591,3597.054701523686,9.2380822769541,1
57.62184501173151,4.956702316794584,2509.417234430159,24.38227822751468,1
91.33033374656267,3.2140105394920506,2767.7978688453063,12.192533887790702,0
50.47912200477498,2.668767046442222,3231.030446625948,27.517099142144996,1
68.48214904964416,2.1637946268967037,3391.6952546412977,18.349399530167748,1
75.88317206484577,4.507991326912544,2874.2305569777523,18.941665090344117,1
72.80991867735032,2.8966333938261264,2701.244902654179,16.86133046957747,1
63.77300480179406,1.8471094070475171,3711.1849308492538,18.55980563038962,1
67.91877749642725,4.388578604530964,3869.4498318987894,27.092656725740184,1
65.06999065341168,6.492999517432791,3489.4290253908976,7.560956717324602,0
64.10635243055789,3.993929088460107,3042.659071282512,26.384826930440937,1
78.49602097021025,4.838490774451642,2595.867139179537,21.69011740550854,1
73.57015485965047,4.081829358547565,2584.7777967217176,13.964891760713922,1
63.070904047393455,3.9011103468088573,3261.2570526328786,14.62343803475381,1
78.9959987543325,4.9190764829877685,3209.199110444342,28.381965136041018,1
73.07299520876609,3.709725455811349,3700.799296473215,15.272465600286344,1
78.1286211883896,4.267392314071903,3325.2250462680695,14.233247447020203,1
76.29628841923612,4.321697806196013,2248.459849120091,25.686572711823647,1
61.710049890779274,3.3319095463569512,3525.9738088614595,21.692764381429573,1
64.3981895980303,4.992042349536523,2500.9696863427935,15.310372117318007,1
77.47293605123262,3.825040243304591,2808.0143640238243,21.083124877023096,1
76.10370265433465,3.244254840507155,3125.1001031258475,14.871236581798613,1
69.79098406035853,4.536509843570403,3997.833744891982,25.504106992113027,1
71.17327383308782,3.101532018208963,4554.959278002681,25.30685482436567,1
82.77664895788425,4.028181157369128,3303.3615295680916,22.660030994109714,1
64.0842861116417,3.9908810033557964,2908.401690639806,21.808305306235084,1
75.47097381170038,5.085895565831578,3267.252824240275,28.80594062433687,1
67.97807347566106,4.474698232879953,3443.827712936918,19.998431636941127,1
67.82318796772779,3.9749730412548563,2839.666187221404,14.090629372895993,1
80.9877685198719,4.817766299200287,3897.6056779561613,22.247369564161534,1
78.2541634898803,5.390207549017314,3115.035379595701,30.43023524768557,1
78.13509636000639,4.557810306351862,3248.8715445456974,14.92620253407074,1
83.05478807154329,4.01035261984338,3332.9621260272306,18.19268616653007,1
70.21003841632759,2.6881637676498404,3210.793305307228,22.082230190507264,1
76.81952971294965,2.9348863369246274,3419.470250234806,19.730475754971305,1
66.89733243406543,3.694775295645332,2691.3734067265386,15.088482098113428,1
73.24166352488442,3.390487797840717,2720.8491230269847,25.609289281152353,1
68.69856945632316,3.813028697014554,2449.9228835141525,31.600203610086297,1
70.96995964992718,4.0566499248971075,3219.750615310113,20.980657295119535,1
75.95157025436913,4.529692754356731,3389.468251756057,15.479658551319998,1
61.81779316766527,3.929501221940909,3228.886433075943,12.255197374732624,1
90.9238727568546,4.486501643826202,3837.2462166737687,21.289879906105906,0
59.93982618500298,4.06447441481012,2997.201990585477,25.519386716581288,1
57.85811387212268,2.0245334336461287,3334.3708277962564,22.375838732476907,1
81.58110873500068,3.0606646061812457,2454.1495619303428,19.98798079540573,1
77.91662693962935,3.8559124442783848,2806.4501487627995,17.053641741053468,1
76.24119817052156,2.7903052571588924,3347.768878782889,14.53918183640955,1
76.2834550926428,4.599928729996204,3424.551055371572,24.17375663162441,1
69.87753227153085,5.530750832343697,2853.016526167909,24.568858106927927,1
61.02745628514168,5.218761851697317,2964.2003740709665,12.271351066546334,1
70.75804558193727,3.786557129069792,2241.063126659595,27.94919489090342,1
63.22838288487888,5.490726136849952,2821.4853995966955,22.870356104470005,1
79.7511973341775,4.148667457202111,3445.191581759893,26.997973225728966,1
68.52942618497862,3.6629140288819606,3287.602508053283,13.289361257574424,1
61.745028032074885,3.3865973364590602,3250.332860690605,13.170879222922807,1
66.78614158347007,3.6975303135118716,3024.88684359048,19.255153451163515,1
74.12931454275625,3.6118231814587713,3003.531579314088,22.51392213447597,1
64.36275447196026,4.170416222375488,2669.8394302632764,28.98180411463482,1
61.77779604433569,4.160573981049865,3349.4142101012676,23.530394569075657,1
72.43687211491913,4.003046020153414,3210.486472194695,18.786593615939832,1
72.44966571108722,4.43693816974635,3246.0094239963996,14.86815396167054,1
64.9305682462887,5.190646274786341,2736.98257866621,26.150002863595752,1
65.28961694381677,4.949554135441324,1923.3285400643779,15.176472871246425,1
72.32049937357637,2.5151020315500965,3548.5763558768476,28.142342773861607,1
55.51915658502676,1.4460788650980452,2760.581271995798,18.578076751967455,1
55.92536225623445,4.934319911239274,2568.6121179784395,27.952910363089252,1
62.81555778747564,2.6331213015845787,3346.7394559569966,23.39465645029639,1
67.86552848288153,3.7752345981073163,2803.9936800404353,19.31502255278771,1
73.10907565598005,2.8298869739406403,3529.968192023311,17.403018140869367,1
84.75356216949552,2.1980195624199803,3308.5029747883486,18.2954606132696,1
78.5765962320202,4.541462728204788,3341.784661600239,22.141583461876188,1
68.40061470036574,4.7591551603026465,2317.022144399733,20.385782481088583,1
69.80983792097311,3.423489599273281,3605.9719926932003,17.030942959656475,1
59.97470635362191,1.4089577078550901,3130.625265616928,19.17184294841184,1
69.8148686400761,3.453755551747517,2815.3614303768986,20.39288514859575,1
67.11341361079862,4.3918040054025465,3071.6942336711254,9.35632952792594,1
73.22718560338089,2.5210884312258712,2111.88238355084,22.290840573943495,1
61.727690564476774,4.183359919779155,3204.3264057403353,15.101393876415965,1
75.19346514241172,3.9846901508270043,2485.314245908964,14.233337983971275,1
85.32738913002578,4.579291499601088,2323.6648570782327,11.56327826444645,1
68.91239851543142,4.119580368414153,2238.8204068910545,11.03053751066055,1
74.01711722098942,3.0269310591184446,3556.3441874949626,13.222762484438555,1
76.90143991711112,5.196571501664492,2685.3683031536057,16.45489521184755,1
65.98779528114164,3.84147042697303,3766.8638549582497,29.76629568763284,1
72.24092481810416,3.972695460490068,2732.099268473851,17.37060162052398,1
70.12592400781794,3.066732040926804,2146.3210212035265,20.888750531340158,1
70.97676098548831,3.55671774880849,2441.7377800256704,22.002406932531642,1
62.26990216144534,3.115197285973099,3617.9058100034695,20.655325931079243,1
70.24510174258943,3.827053940076577,2922.050911031666,19.612782696370033,1
74.9799829124545,5.7117084801423434,2725.8563517546995,14.023531182003776,1
84.51143607795042,2.6280988570686437,3080.0091129263938,27.25463774139606,1
79.59270826085206,2.386438602123259,3250.8913680837727,29.035983218189426,1
91.53182457511556,5.471170327493608,3558.6994079512306,11.586706529386571,0
62.326524371119504,3.790676322848134,3724.249614946463,14.879857045568102,1
78.72320636720679,3.3309272613400833,2820.115677105457,18.60094828811497,1
71.83342005738352,5.039904687396076,2336.976156958981,15.177311025449043,1
91.89802933217672,3.3943844602631357,2793.267419438362,22.529827767279325,0
61.91701714644849,5.826009713546936,3130.140253291443,16.358638987966934,1
61.602781578192236,4.677925871339269,2518.1205368946944,30.825280339033014,1
64.00607354555977,3.5120885918542974,2521.4245425524787,25.95274297171798,1
48.76104275690193,6.1573082132655035,3171.8939407749426,21.062870153161075,0
64.74244978319238,3.3942850769966615,2975.6738242147744,25.13493131659866,1
62.40867338446302,4.742095372009307,3016.398497705793,25.529502121786543,1
71.50393786476208,4.299292580406492,2620.7523326499654,17.180262559708783,1
73.4175597577716,5.301741289398798,2884.7996428971164,15.918913777290175,1
88.76170839215887,5.561511196726853,2537.883427865848,20.390715314848237,1
79.5042383818605,4.0320041490657665,3445.0992055623933,24.308180622489722,1
64.23096344337597,3.2465821296538167,3517.624667361876,20.695301993267087,1
61.01585328651642,4.459972142939116,2076.906068880953,12.115017589045014,1
74.91919171506505,3.3222846302478937,2535.244569903795,15.985877780245788,1
56.797667929793576,6.013387247526623,2251.7353724549603,19.63013568202811,0
88.31458765854353,4.1365353310827375,2674.988032796551,19.62167197837085,1
81.79440120721287,3.6346784486878914,2958.2810151048197,29.862710883949042,1
65.30824347895295,4.184680305864909,2275.177390150735,13.07006028800501,1
52.868654709091224,2.6528737104703035,2539.0700934373435,22.527946209179373,1
83.53872374165412,3.0283859614893487,2498.0213139592506,27.44556554164145,1
68.85460154747382,5.200413907944426,3103.633664699472,31.35724872711398,1
82.37816311973462,3.3431057210286044,3034.672168518125,17.978012884080194,1
54.05572341205633,2.95308901731806,2639.1312233313733,22.457147263600998,1
64.00624977046228,4.536652752527286,3088.410436069699,22.848801785993235,1
70.05243699718183,5.1857041546629965,2726.659957706367,20.977408657766453,1
70.46980593764742,4.718953310665067,2864.172444836973,19.50577399380347,1
65.49934528520757,4.9960476858058165,3836.7260451492684,22.17987694750023,1
76.22849932347499,3.2432049114305395,3670.2305258951737,7.338769573901573,1
59.32379570617405,2.5781893332581562,2350.2093815362014,23.410347450313157,1
68.57620514978707,5.501333651955487,3414.866208939587,20.630889518309836,1
71.20295631711899,3.6773201611578643,3405.698277245796,18.887625516108674,1
75.14438834058748,3.749166983544953,2425.868355623691,30.23431097859779,1
77.11614878088889,5.328194141849058,3409.3888218774305,16.625329906047238,1
58.75357908162131,4.55623000940066,3768.9659592062762,17.984620054674846,1
54.65885829264378,4.455887772081607,2438.727596877793,29.95776651102367,1
82.7767682189851,6.165002344901084,2541.248589492868,15.839693475750718,0
73.32314011979592,3.3564817696198572,3508.830733421751,17.249423585317306,1
62.51513463443446,4.927840128081237,3135.747655412824,19.26487288284575,1
85.51151975522524,4.057013124897084,3275.738137619762,24.203672410647748,1
71.15674634292859,4.268592278863257,3170.294608200248,21.039012536766567,1
81.79297184063826,5.528468426412532,3195.347960464072,13.536873264238686,1
70.67518481410109,4.507835756289624,2336.7639358444585,17.33915718436405,1
90.60747924881987,4.538296079049633,3523.658853310724,16.963227833938944,0
87.55340842443204,5.072507337309802,3584.794996213887,19.613894773884773,1
67.51035851520926,3.6350472704571146,2885.304627965986,22.129218293149144,1
79.71570950954356,3.1607903326609934,2978.261525093069,22.09102877943986,1
76.45375949585147,2.955190805978966,2234.446248722139,11.11994122975799,1
83.68631557532349,2.0336434106239984,3257.1273780089173,25.319704937804282,1
60.35076539419896,6.056207129940322,3286.028720857072,21.262844229983116,0
76.8605145999844,2.896791634278317,2968.9044915003446,26.92266023796953,1
80.58424486849587,3.778746376414228,3562.1766799352513,22.22099163645336,1
52.41260513576886,3.7231867001110794,2832.96138451003,25.50661478867881,1
58.16741487334225,4.307406697809101,3282.3029629468,22.332726557250634,1
49.607678222398995,4.815737212539297,2490.167830653942,26.73112878101374,1
67.30593165555442,4.860473488359745,2988.223924562881,22.611253180088895,1
77.17542255795962,3.4169225614310617,2912.822871048582,19.51042376778548,1
85.02357052096028,3.8328782862135884,3112.653961020471,31.362173602234407,1
70.74094780419775,4.2825799504883,2815.236535583321,24.44518561139946,1
86.28615545571292,3.751308873816453,2934.2637021641663,22.868722105022066,1
56.198985417851084,5.607345576019993,3413.023585720753,13.61847791730832,1
52.96617560644845,4.490974951638251,2781.617881380891,13.558461912682311,1
69.44452301103381,4.734877786049817,2196.7114496306604,21.463577410709267,1
73.84065448939307,4.662881268667412,3874.79195210271,20.727605988841205,1
69.67305251905907,5.173473857485325,3690.727039345243,16.929387174958418,1
49.325578999601234,4.181021558703707,2353.8686524471905,20.7049134980603,1
69.10879960487212,2.7031680520441537,3344.853902622597,27.943134640217977,1
56.95530499495147,4.399687951752641,2748.5126147243286,23.477012372751492,1
76.69672548830039,3.348643106208171,3131.74360766553,14.294957451236309,1
73.66598246096848,3.4713833182502434,3147.1120645067467,19.442455864285282,1
60.60120213672645,4.586364018755093,2882.796099841839,15.975167595737195,1
64.86133082663306,5.238283071433636,2608.1171672068017,18.061500417957195,1
59.40786478111048,4.021271576736062,2654.7294738418705,17.931921671851786,1
69.37320902726829,4.308833012598964,2541.904042259379,17.611772086979975,1
79.55142320501238,5.702214944635238,2584.0888958847777,13.724323140133025,1
60.14273953664456,4.240753179488569,2966.4108549753223,19.36172659240905,1
75.04046515517844,6.601683114180394,2642.120005444624,17.19696181576345,0
64.69742381627559,4.565509645631544,3341.02603285631,5.35275654998866,1
62.07127167737656,2.239237240844182,3743.6230776679636,30.264860122508317,1
68.92969640045442,4.753341621104532,2709.9733793149785,25.44384827108336,1
59.64757677580626,4.381158384882777,3119.7022502676887,18.11849637537502,1
64.46350694652818,5.289752754082746,3249.842555151467,20.094095248702992,1
58.021221074111516,4.6731813512699585,3236.001135459637,14.14172826341219,1
89.6472513291639,3.861544016016226,3037.9776339580435,28.47861438905433,1
70.35263551971728,2.775701763710634,3371.3412091798614,29.486443473865556,1
63.00274492007414,3.790976742713975,3241.124476340329,20.783468641232623,1
72.13979910734221,3.1494795457907,2381.1687888363513,25.117653220926723,1
68.8767195030917,3.4194765501952773,3434.5780321946368,20.87643389466962,1
67.79030400466777,4.58857840442061,3443.6454186333713,13.316372805620347,1
76.14166700043425,5.669904504351406,2618.356947910709,17.940883155181712,1
77.57507710047305,4.394671529822981,3018.968917723801,20.659639833859785,1
64.69498852389472,2.8041169379648156,3341.664496405535,17.72726140628278,1
64.2418175935532,4.44460266822014,2895.343090210319,18.90673361282482,1
67.24948302848355,5.196631486645651,3536.4890238830058,19.54300221245443,1
46.980788352644154,3.390217095680618,4181.936247309681,19.595607510672693,1
54.84808937801448,3.8659828333270823,2607.0069836825087,20.261292452487417,1
83.66874267444524,4.014688194729197,2309.4776984231125,14.696974668016995,1
86.44967713501283,3.2151016869177598,3151.909297802438,16.41491925436032,1
67.50963960443622,4.648280433843859,3360.7812525630716,13.577078671500153,1
75.76556963055766,3.8790518513922185,2884.5668130776157,24.889077748431003,1
73.11250154543536,4.419532443907028,3726.630331660517,9.471765290798377,1
100.78880808455239,3.1125078221979,2330.6971001383754,25.767951716584626,0
81.19574911434577,3.5625416996765895,3346.4593115158054,26.931746986314216,1
68.72082408519233,4.722381357827771,2697.0695896205534,18.48909706508689,1
60.44459559399574,3.627166847908233,3859.6889531036486,6.984314560863506,1
53.93553679742428,5.726963851233405,3996.257676584059,18.193447190163546,1
72.03463635867223,3.6003638143853975,2616.671706108326,19.679079193555904,1
62.436492547156966,4.224684725751886,2725.22143204571,14.947008900355433,1
55.77746290402326,4.93259083187309,3429.793943489901,17.423908030958785,1
63.534271157574736,2.5816342670669683,2806.4346751052426,27.650975994316756,1
59.18451996385605,2.239191188019224,2977.294391033881,23.324635811508706,1
86.87141635072564,2.474343685429905,3012.694210271205,15.3771794281095,1
78.81639756949451,5.262584103427182,2040.163421901172,12.01200415202284,1
69.92027358683383,3.4481418541075533,2993.0811269528813,18.364913411951143,1
84.79944138890026,6.558199285668252,2655.136112967913,18.93271610324781,0
70.77368307647619,3.4357524013426115,2753.438588800114,22.480995936816583,1
61.38715798671736,4.184551303197037,3721.816001734407,17.323416437161704,1
85.23124077269657,5.542109952567875,2371.7465528603716,22.557497876809308,1
75.38910043684659,6.006092888159123,3406.6025933739884,29.675770200301145,0
59.62753845673544,6.061503576636397,2860.5185348340956,24.077505112221314,0
68.09661321916391,5.208366230593143,2860.1199157520828,19.759557463346137,1
61.24381746615243,5.024062525811463,3395.185948025856,19.084247644733527,1
56.172002690356635,4.592526949201183,3170.0256472844453,18.216634329100643,1
79.26177547531641,4.778361076166638,3285.3064986097656,25.903204562260722,1
89.0941664047013,3.4488142836714664,3484.0923302664305,16.863432770243485,1
56.01432426180859,3.181801116577693,2834.3458084083386,20.22611354499991,1
75.62969236690572,3.996625542589048,2693.881632746125,20.255989509405428,1
63.49357430878173,3.8298153774750716,2457.424736721101,17.49107903594234,1
65.12874616235304,3.5467719506727247,2587.2947350105223,13.137672260579496,1
64.07606075761132,4.696387447456715,4474.547212654363,21.61487251808834,1
61.36009230320184,4.955305208570511,3622.3397903683936,19.694980140723082,1
70.48521627944827,4.088406886291847,2324.4628168959894,22.50120234718285,1
61.69049883588962,5.477530081055262,2338.771021628215,17.331998467804166,1
72.70456825779839,2.858310885866495,3240.9330308592457,26.10410649406524,1
69.49761890550863,3.806340540720282,3273.6323986889834,15.616131093940776,1
67.6105195313359,3.283177679397195,3274.441917658682,28.560201420089463,1
60.92436337958402,2.13346338292694,2872.522103223151,11.261817450858691,1
64.23228669431667,3.9173193141573006,2937.27286999855,22.173850322784457,1
77.55391225825755,3.8782524916167165,3163.9397620796785,22.377153412633117,1
75.00917187624381,5.5134497432421306,3042.9465031466652,16.02221466029559,1
60.22444755201449,4.630811684554778,1890.3498136262324,22.12196968930506,1
70.99332305429226,2.975813175670795,2885.100184712403,26.397593348800793,1
77.5138712337179,5.854092566334188,2574.2967828698434,8.915905803229677,1
53.305947188786284,5.221033695525353,3087.605709454256,22.51372403745407,1
75.43360192379934,4.582097703468616,4492.629501301705,7.5336458983496115,1
63.37376241054153,3.773515901150168,3183.7408327371522,15.17167598238396,1
75.70598668593159,3.0405607632765204,2843.235156913801,28.145831824504725,1
62.367408434574834,3.627793223928947,3460.900750988626,17.09108983303973,1
51.95117899335481,5.088748619704186,3241.3439436046065,14.130600177955138,1
53.72457562116837,5.884586305934609,3210.0472452259205,19.010311355076592,1
70.48084946661382,5.543243528272189,3303.4252966078357,30.33953169081776,1
72.59722501721483,3.511150578213726,4028.2717824147708,10.84158876396987,1
60.956833748955916,2.880382566710989,2434.5557823370423,14.743450441803278,1
76.38592458777374,4.1408862469112035,3236.8160384057273,27.487158415898133,1
53.3847993773104,2.231560634437148,2536.8094350092306,29.288511717688664,1
69.33920201352683,4.323167714184781,3277.756323171124,19.48284387854858,1
57.889838002375434,3.8523974137013313,2540.656744256953,13.804736487366789,1
63.48163892197841,3.5339634981317576,2791.3165931974577,30.479217509045796,1
70.47398671316414,2.4052969327332043,2852.4550428810467,27.972211958745984,1
61.39586634716048,4.513600106569717,3487.9083596723544,23.394734938811165,1
66.15444455770175,3.4672991603380887,3459.2272219712067,15.937988255312899,1
80.0629280921444,2.8300831642897117,2377.141311776808,19.754853295809816,1
64.23108130476851,1.1277377867183507,3027.4670554999243,19.198199594775847,1
78.35692112065142,3.9724850949493637,2645.210072625414,21.65425652307789,1
58.702931453423815,5.772251596669744,2370.747544662333,27.25500719065668,1
75.29804177915283,5.66125921454787,2891.4914747878147,24.397085205687016,1
84.41568620657901,3.5429037434137283,2845.75860577209,14.613119615076208,1
45.283554998727105,3.3977879396382193,4213.358243172761,26.882482250097688,1
62.03104744529523,4.468774256075024,3216.479912680348,21.565660700065777,1
75.7707212718054,3.0016145608117086,2311.1912496228815,23.43532897929458,1
67.96954613957007,4.301791899819466,2717.612997914529,27.332704296393015,1
73.71145873371309,4.76608027838469,3510.6916477146992,14.442098752432244,1
63.960148132841795,5.226933223884307,4044.2213864349624,19.820872106467686,1
70.865897874729,3.899845923520047,2207.0083438810207,17.342727243203925,1
68.44322764607921,3.796326249823034,2060.0378074304776,12.16070287317272,1
81.67782061659807,3.122017413243439,3935.4825876858913,21.733549888024598,1
72.54420843301213,3.17311964596014,3194.807088685452,32.55778275792212,1
73.37602662075201,3.7735211080984734,2565.8536340618166,10.799611277471236,1
65.88123033877532,4.367365506816178,3267.3145430612176,19.83859694475265,1
65.12393775927507,4.913584626233249,1682.126130491561,23.20271467537387,1
65.6744181218038,3.196821049319655,3001.6877532985804,20.615391008280906,1
73.94452142378297,5.4926885689595215,3163.9105864215426,19.434359737421296,1
65.79015519179737,3.728876398957431,3462.135069768915,13.503918182770878,1
72.89774856896413,3.978632705651564,2493.052023853731,21.163933714700818,1
90.75400798645438,3.2527883208521766,3042.8435807016795,16.21618011492037,0
78.71124703431693,1.5757597397270584,2537.2876869702063,9.050391475107233,1
66.73976467832159,4.884045396361049,3127.6918778371587,25.972961102568654,1
82.01213922163944,4.736843897092434,2552.326838818488,24.79192909921021,1
65.91924626978448,3.7186724428817866,2795.9495804198896,20.2583048842554,1
49.61875464822146,4.066990717224872,2502.0923026048854,21.145373441028514,1
59.91913689082596,4.5159392177041,3325.5681209118284,25.371590063577806,1
51.29208078974145,2.4374541431134573,3429.2255583283327,21.121698283890414,1
66.48486515958692,3.4709473226537053,2882.689715021293,24.520087773806573,1
70.18418379189552,4.794264679621827,3019.118997480014,18.51258899563075,1
86.76437312275283,2.7457105768307506,2275.704292683228,26.559918692869733,1
73.26927373764163,4.293557932166629,2850.1616759966064,21.603928629663418,1
67.80899471191135,2.643418195376595,2974.8976914791274,20.97025971802937,1
78.2940558118349,4.466429982433526,4310.396545514987,13.64969455643984,1
47.88864690992115,3.9643585177025162,2444.016487112918,21.434779271508543,1
72.35614558108566,2.3848681840944908,3732.088619376219,15.840225412527744,1
77.70865193886966,5.164739354457171,3498.429386732904,16.808586367357528,1
55.214137542201584,3.2654084232019507,3140.3182022450683,15.923121858419394,1
81.43754043206928,3.189747562985619,3879.3102420975665,14.668825340503876,1
73.38496407494414,4.2005691972309425,3186.0527363034316,30.62385701508481,1
65.84712086099199,5.148637349428715,3194.5795978339643,26.656695309942016,1
76.32781866106285,2.984178181021603,2973.4396734912275,29.601837510721307,1
92.70692857804396,4.061679849847971,3611.7844412093136,13.88552490222218,0
71.81866255058495,4.428816500330573,3548.2346169054417,20.356268749554463,1
72.48220586300336,4.693105607263144,2687.1613562518937,13.532461873979521,1
65.40639100459757,4.176441555277226,2340.3764027006164,16.52152561401468,1
61.50155630535208,3.632972160916678,2898.5096813021714,15.409365082917127,1
78.30335816544246,3.1724097793512804,2599.980717801177,26.197920032207808,1
61.43916174091133,4.0861438830463745,2968.2377126923225,18.0188516094912,1
70.71566237219392,2.927860988014393,3618.7190673420696,25.34189666847008,1
65.22342553234883,1.0786495165053926,2771.349172456605,23.02060444794259,1
74.78979825746391,4.4365598041576675,2978.5883093442126,31.518193760523943,1
73.33662105286949,4.903934841086195,3029.0113674041977,12.60277888430138,1
80.375399442579,1.6370675644581616,3424.215441102642,26.296166198933996,1
64.89983601145254,2.9902692952900622,1876.5553330076973,25.732204352003638,1
67.30125064706628,4.619154261005198,2696.649852617352,15.133105809864826,1
60.21236284217693,6.057495469711698,3105.6418461397366,25.0356666823658,0
65.55706739923889,4.020793707675408,3600.039478213431,21.680724815131143,1
73.77300493044852,3.2719970587708653,2754.0487762468974,18.86261870023296,1
77.56988616645351,3.81710355889516,2061.7236469790632,15.880322565140002,1
60.77834675822375,5.374876419148185,3309.855722983068,16.40445274275407,1
78.6960592010566,3.3540358208754646,2682.318805587185,30.24906047892963,1
83.55637858804951,3.2008079933497466,2405.1666704548193,20.003414094787413,1
74.13434903223701,3.5172564778179676,2687.827305143388,23.910650007657296,1
88.76795812558066,3.0466713917412878,2907.737321172075,16.045503091662233,1
62.26210800896427,4.122670315994796,2697.627667730894,16.100735268891807,1
57.55345296688583,5.62467845846956,1897.2169714504655,25.40992404624971,1
52.212797510957216,4.323079273116029,3448.533098443566,13.252118942242339,1
84.96044311489183,3.7476464978737125,3637.437520639361,17.923931160473643,1
76.54365656354058,3.708188731084456,3325.760995669753,20.17013705536116,1
69.44415329089544,2.436809191303343,2431.1571647875917,20.556863009200264,1
72.7996862631982,4.883109777147159,2899.254233026241,19.10453357491922,1
58.74510952701623,3.9221628029871978,2996.739342385271,21.979098905479617,1
94.45751979616827,3.8195200864093746,3299.397194780955,23.464278779089057,0
71.29221181975228,7.19310756784486,3334.17024435904,23.67318772729665,0
71.09394794604893,4.298752908365686,2632.9131006107523,15.070980956660867,1
77.25766623898691,3.2482089499048157,3040.9977782067804,18.579224510356013,1
74.81009231736714,3.5736424037944565,3228.6402023076207,25.97381430938469,1
72.23884024279131,5.148445709196755,3727.9111610733835,24.47323593786936,1
62.09525544554688,4.113270410537765,3352.2532699123617,13.135702742594681,1
74.71468357135996,2.561722021682633,3394.5283436877594,21.757399501761007,1
88.82024496475034,4.919228934575203,3041.9133139646806,10.108873753125948,1
83.45420046154977,3.331855914461006,3705.229572601752,20.234674510301847,1
85.93186626639397,5.873297776217545,3204.8813979797487,29.488835083729885,1
64.88784323568815,5.0800480657146485,2569.456044913215,15.260536413655068,1
60.10395179741419,3.5526781043412488,3701.6849850625954,15.82838477254209,1
68.74213079900352,5.281016361735113,3348.951636269514,23.820148907864297,1
70.55724912288694,4.067855510527403,2778.477989435759,12.28599242395177,1
80.94191518470949,4.8527736751222195,2760.253516300378,16.836224850574805,1
53.07535370285181,4.484732817294475,3148.287772570381,22.982205687908763,1
85.29550319460614,3.1536433450091264,3231.592397633792,16.828570761552985,1
68.4199210142101,3.356450167682538,3098.6461328156033,18.820150063945142,1
65.7311893005258,5.029960817581161,3155.6543367214426,23.720928551575174,1
59.87895624739832,3.665224667893459,3849.9786872881905,22.107730417682806,1
53.451433281342304,3.5963515367580032,3535.7715761174427,21.33409198147701,1
78.23170583961914,3.0448774206506473,3095.317795632512,18.304388603649805,1
70.73317967188405,4.423599065593461,3470.655290383742,21.850305576344777,1
57.10039100258946,6.062524919243145,2483.7380482362305,19.381336599501218,0
57.04921227936384,2.932467085745727,3198.9635249734047,22.289028049628925,1
66.64215300709871,4.024219456672758,3904.653174866555,17.51533987441011,1
86.69021525289392,5.412220555415429,2890.9770523038133,19.087155128102296,1
67.40408648636395,3.920358608754285,2576.1830356904575,15.05021103723993,1
54.96857046881894,4.452371796249734,2673.9555557034696,19.82496194996882,1
67.54256935914056,2.9376064718531203,2455.183481328806,15.944995681855776,1
67.2727643025233,4.428307097207648,2607.6190459361483,14.429767749190034,1
43.03113357058429,3.812855734995451,2814.7459507049857,21.293305739276942,1
69.45705133482188,4.985729995679863,2297.216490410679,21.063698879288303,1
67.69065469791322,5.187386051564751,3007.8091669748014,23.914368674742864,1
76.96206364813418,6.589563642018614,3451.1385868933235,17.844372152124507,0
88.48956094945345,4.579633173213575,2546.12190992654,22.04026423418378,1
81.26565029547757,4.325796316582166,3759.6419618208843,22.753987861368316,1
67.3111130944517,4.194384301577336,3255.396044263797,22.223869039157975,1
58.934740912583294,3.6468337071893115,3515.2902928120284,15.87173158598929,1
95.7335980324986,4.338483843461691,2671.0827230739314,20.746817411355945,0
70.59218434014488,3.7045985898609706,3427.262613533308,21.820701480273307,1
70.13929291912946,4.168460976269614,2454.0330498023436,20.03589233453971,1
69.75874912889996,5.31759753560796,3445.1237504182545,9.567611708144577,1
71.98084760767856,2.9934574347203586,3085.9196698967658,20.8024481198674,1
68.55639588076058,5.139878561129045,3276.6256099923917,31.06265519698621,1
64.26337993119763,5.3171150673398655,2412.202697187574,18.199803656215085,1
64.53141058759608,3.881931473008921,2552.4650788616977,16.359614510723393,1
69.67246729784002,1.8781451009914054,3298.6141091266923,21.86674279855699,1
64.56575228866235,3.3921780129055676,2525.8259978878996,21.561891052332857,1
62.871542173228356,5.296994546561109,3231.6031460495615,25.96367582708207,1
71.06430227691897,3.977131937701118,2316.431096769877,13.710659220455561,1
67.45022782579144,3.0006977677050894,3424.0871063333343,23.65690126287496,1
85.0399298858269,3.4952250787717825,2383.7383426157453,22.952110306257318,1
43.49030191606988,4.840620026504553,3276.1499688397616,19.28926731529727,1
80.91506851922462,4.546733568201379,3312.8154668230004,21.69343658960845,1
82.4608519249763,3.7610679008303056,2651.6140907852127,25.147287407991787,1
49.2660976759185,3.6331755881853125,3291.0132835423633,24.361576900142254,1
66.57312405919652,3.608241850956178,3130.221131666778,14.284903439631357,1
66.28559134004209,3.0775898155014976,2730.579071903631,24.10079093377742,1
55.924883052821784,5.615375689469442,2495.722657961896,19.676556974837407,1
62.22183312409125,3.67767953078866,2018.6871541637106,20.364370490077576,1
58.894241545341714,5.217158520825496,3174.825023649847,20.36598495500847,1
87.52270443423623,5.521316051922451,2217.5986143189725,19.2487850560087,1
79.35678393147461,4.9983108981479605,3047.672099720654,25.958537485535324,1
82.71555094994159,3.5683796872819515,2868.2758919588755,19.58141020075394,1
77.21672064043236,4.40373009033661,3339.571387719098,14.402269358084157,1
58.70948228782771,3.9758043936090837,2848.9772502550677,18.032350720151356,1
64.75479733720226,3.096298139269872,2835.2761068264545,20.893473584052376,1
74.89374561227918,4.324359281721603,3365.9353521441476,26.146073921485254,1
57.778721911080545,2.8209602088401975,3167.5290145420586,23.01547342474417,1
77.12998430172388,5.1876793884615635,3158.077978591389,15.74732360626478,1
67.59674601841866,3.535382702701607,3234.633794904263,32.425949583394456,1
66.25179192450402,4.201159655872839,2232.2139383964472,21.3238765548899,1
77.10959968203491,4.283287871546142,3378.394339993491,26.376953689995073,1
74.4426331148604,3.741095026295923,3306.2343970068014,19.241427832113853,1
66.3903383418092,4.586693801475275,2491.6584357117513,22.666796223527246,1
81.59329803364248,3.5250963433774753,2877.9597631628994,24.197342522592024,1
59.189366724001026,4.871297297457244,2980.3463561861845,26.09097355877128,1
76.15935606944264,2.6540203197532515,2932.7516077991336,25.286841526891124,1
75.93101257968384,4.126379579546412,3166.929983284267,24.360985000364888,1
66.9045356068601,5.938928999058285,3715.6833909155916,18.424566344029458,1
73.26133022242118,2.9996686753944255,3540.8833638364144,17.14126979021969,1
57.488864236146966,3.3222550294751487,2343.890403284297,21.663037551620988,1
79.240270192069,4.513907849658915,3311.0349951530243,24.665640361705346,1
68.15097863557011,4.179581781939598,3664.4666597677046,18.886396496116966,1
64.7727697948096,4.350630099273559,3193.4042603446014,25.325859828571932,1
80.49009225836889,4.489187130147664,3545.4902125929834,27.263083727430896,1
62.95656309457241,4.63472146856177,4006.1352228503824,15.418395404632902,1
55.91538703636441,5.109699841956223,3511.8547730534906,15.8153964810186,1
54.433708264760966,4.409818656928513,3124.6542978208645,19.298124705473317,1
76.0600995134564,3.7587423453814575,3522.5442370423766,21.538063340945982,1
57.19570647503717,4.672573701202731,3072.4439165484455,17.377164931164746,1
87.54794181984364,5.899881934895216,3011.951521642478,26.76101339433572,1
49.18070592116278,3.8673662536174263,2824.2928821431337,22.120334307592255,1
86.96456368290038,3.0254706953293584,3781.706679416054,20.197235241203696,1
72.11017467202619,5.107080669286972,2590.7856670289993,12.820452380657361,1
69.03286888129608,3.8796188360464017,3766.183862339058,13.420920917862464,1
64.5508091319105,1.8273304539859638,3249.932061870186,21.405046251409033,1
73.9913611435207,4.847421677150422,2300.346912599029,9.337021869225818,1
69.62365297575151,3.4646718140460773,3183.824646495711,25.063187048220357,1
81.03301882016521,3.9094667176958393,1949.986746174188,19.209230778138398,1
71.1422764866204,4.3319803305690145,3312.754008415518,36.215464847973664,1
71.50301761461877,4.190499679779067,3442.6157414944955,31.539581253080552,1
66.36387787786144,4.70945181713904,2703.822022173973,19.092754653762416,1
69.43054376278933,3.5645136294301567,3061.7738479777913,19.468314987343426,1
73.0780176889206,4.513105798176083,3977.078716875143,24.97790757001015,1
52.89831607343375,3.7404533224160827,2747.126647869032,28.515863049590187,1
56.518145778942866,4.738810480887503,2470.5462064717,11.809854712819917,1
77.43264094022715,4.615367484013054,3740.831701231299,11.068122673226567,1
71.70865438127942,3.0645612979554047,3981.2935952653975,16.889825972228092,1
68.1601666364732,5.085982116175032,3001.847835923924,22.91368791586932,1
70.18433933065393,3.464036554885952,3505.7315177041783,22.484367952537987,1
73.47581705361671,4.808057798281145,3670.7379577654406,25.34885727491925,1
64.60240319690638,4.367287313401341,2628.757883730808,14.001512358173459,1
62.216952745976876,5.838183676795122,2757.347082316066,8.419280685155616,1
71.95845255097682,3.7765340176281477,3615.4372565773674,24.290070976510727,1
60.21627222384968,3.6506832038818025,3842.507139354255,15.859018635173827,1
74.08252755714472,3.9805803941122675,3281.4404300871774,9.90756067805681,1
52.9741639576216,3.6968202171657247,2560.0928232489728,20.725318729796907,1
80.29155637325644,4.79994190194205,3993.5305558497207,23.965878441093388,1
74.72597482413043,2.3836893915634123,2734.514551094018,19.389714339393613,1
72.56029734313876,2.9463175808536457,2832.431109414274,17.710758069087554,1
79.82690983945514,2.932197078420807,3171.168917244811,19.203188839270467,1
86.65474444462576,4.9503075919735755,3777.080210357387,18.147086187996084,1
80.1437006501813,5.710613372581925,3426.987988276112,13.259764440299165,1
51.59125768668355,3.8955507814625285,3207.4327501809553,16.426596615047842,1
57.204230332642986,3.8311782768099896,3231.644265059053,22.606399525069072,1
63.75181422304321,4.070052163113181,3021.757334321733,21.6083927068825,1
70.26091050210833,5.161878302608191,3279.069757259253,20.8402990298341,1
75.17659020469122,3.0726468658094257,1735.2199611528486,15.024257590733104,1
62.742561868465344,4.2383689827347855,2851.696270465101,19.092484189321663,1
71.86766764477078,4.975197629782429,3120.6609674583906,9.114674767785726,1
62.44617067646678,4.5010941699398455,2424.4929581902466,20.892383319426948,1
63.884821970080516,4.189581616598743,3193.16165890578,27.144288539067837,1
55.93338903151778,5.001046092567141,2897.764389506939,12.629339339789471,1
60.76766753889096,1.2967677070007628,3877.737849157745,17.070361633411224,1
56.48315394383666,4.677875319530908,3786.509862607428,21.64553389355065,1
60.241267470226674,3.3459243168725763,2767.0972154409187,26.264213172137417,1
80.5364179660784,2.169367103143543,2924.5811442166523,17.758876918499254,1
60.50601111168057,4.511202599524981,2963.026217195804,16.538748353670517,1
96.32382064837391,5.373658545162957,2774.1702619201888,10.155384287919585,0
74.93317900880889,3.862551485372308,3097.5124920140634,20.51719064654053,1
71.84836123694873,4.9528745472029385,2620.858965556205,30.21038020071872,1
61.41642219818787,5.612278257988645,2434.692332531237,21.38679230982338,1
77.00309879408991,5.314914453584048,3311.3556119501345,19.888605104081435,1
64.24362173762226,5.639964529371393,3314.7647921109055,21.61041155383493,1
71.22009814645361,4.7421274910718925,2597.842120170004,19.94453998025699,1
95.60084538268795,4.075433638901592,3447.6777153813,15.934928138699352,0
69.03940100275351,2.3980341881028315,2684.2111354173344,24.116399578388528,1
81.49273326285676,3.7539375118700513,3126.5826190189905,21.12880761555877,1
62.96823574874112,3.1567534046838084,3410.172006306228,20.088066259668288,1
69.65011509503039,6.170942717497814,2983.1937176481433,15.123169863608751,0
87.7080063563551,3.8241141875676634,3227.3704560705673,26.517539659673794,1
63.730329422122324,4.123204806784486,2741.785178056214,23.32351372666555,1
88.12448557996929,4.551485376040468,2901.7667082859516,17.23539581316349,1
77.07751935455475,4.043602446372454,2897.07028455983,25.009124268409685,1
64.37533224105732,5.695051040430753,2626.7108267298804,17.512145808073964,1
76.3240773905552,3.377350638265548,2911.612918442109,16.089982537444815,1
79.7255444962673,4.194607455237243,2225.6908505681267,16.201484412598564,1
76.21809962217196,3.2575294143019518,2754.423126428948,11.144657234559544,1
54.297752801095434,2.6799774887792944,2857.5622533151645,22.35771190209103,1
62.728628241751316,3.3882309090947147,2871.91012375231,10.84427560830825,1
67.52481364448495,3.9629632029515878,2879.251277064611,13.857780843671186,1
69.25566570899954,3.5706977754827403,2969.1179000699353,9.622059954607334,1
76.20672097550678,3.307579020126144,3239.720759043032,19.569651536045534,1
71.77701000933254,2.593682536328166,3437.2585370662614,19.24839769864064,1
56.64655641289899,3.916894427371305,2675.1173865758665,18.36651893406818,1
73.80197851005963,2.4952796259689975,2398.3995723054277,14.787111526647118,1
76.10585745283824,4.760055963689602,2478.9777938784487,14.1388312328168,1
75.5979044793104,4.082439752934503,2756.3985394025362,22.32184931773287,1
80.80780725554622,2.5424485005350697,2824.0393410917454,17.247240341457562,1
78.33922154548904,3.6907909229501366,2615.0019669012713,21.581791607680724,1
74.59180079228437,3.247843594409417,2351.9416678750526,15.573756569378887,1
69.29834288541353,4.31917451041918,2771.939586262906,20.905313713855413,1
53.39039066484008,5.340450446023144,3090.713310056986,26.516390186580317,1
74.29618219132585,2.1248275303542554,3297.5147329177826,22.930829001963918,1
72.07687687163111,4.115026079147417,2721.2884734458394,17.937930908917597,1
72.71578837195374,3.8398672044333595,2793.501088928283,21.285994851779638,1
57.232514241796906,4.671340076450465,2536.6508455763446,18.796674127348936,1
59.189434595917376,4.213196628237689,2984.280414812612,20.03940092347364,1
80.53152853332904,3.248030668261181,2575.7856829045927,18.371944739257483,1
69.60444846143345,3.680946064333382,3286.5639066206,19.178323970573043,1
76.81500697372624,3.203974143196511,2107.0667540329446,21.060466765370876,1
70.28318376130461,5.076007138598598,2820.1851637737686,15.033206502090247,1
70.29756139495746,4.021311648671942,3150.553669595871,14.920605865050108,1
79.38283805975998,5.901190685753008,3091.917258161252,13.057287230843944,1
64.83955271782627,3.939339186185379,4346.516831990248,11.99864447748145,1
70.96120776940984,3.291593233089537,3174.900012283954,13.913586538897604,1
65.37724711294958,2.486285607387173,2497.972701578995,20.797312534020644,1
65.65503772567685,2.1968603237440547,2952.2678764554635,15.53606242254058,1
66.90827876531361,2.4158640569945105,2111.876833266774,22.56807232115548,1
72.22133771633713,4.267126651011483,2959.7001253516196,20.17356874376281,1
65.21251378336522,4.508725023229934,2583.471971499621,10.157478932809731,1
82.55756125573521,2.418809297967867,3457.695137780081,23.274877921108448,1
61.05392697780496,4.895038314076116,2725.2298627022324,24.05399322795855,1
68.13128355838641,3.5169389483165605,2941.6170421023767,15.030686625825734,1
65.60268941725825,4.146793011985549,2682.2210792977985,22.10095771447496,1
84.46977884353733,5.612220628255424,3869.4256759266655,15.717508812954005,1
71.96554776511574,4.896839315865532,2839.378616941044,20.48835188374168,1
80.31844539468635,3.7314693520941677,3916.278521739601,13.677507965225171,1
55.14439626963028,3.1088077745847125,3407.0758810591333,11.034467737327116,1
72.67050265869258,1.848184598670695,3241.0333636676933,18.085914051935156,1
78.89630795623437,3.28084668075758,3184.36657365876,19.381355268625818,1
70.82283989275425,3.7888697611723057,3196.898649108126,18.01160153192698,1
80.65480375065351,3.012820472848816,2036.163710327195,14.079847208887202,1
64.82711549899628,3.8687430329076955,2860.558302924622,18.000504689344314,1
84.0934744018558,4.076851882958768,3422.5789855921607,21.34647376290367,1
92.9889812361925,3.7751440181919214,2975.551408262947,19.775534849387316,0
66.37161439560342,3.3499974191765403,2297.4050765982124,20.91250515299607,1
65.54497478599228,4.168654671966728,2973.7977747112654,16.649423997728835,1
84.533844771177,4.441940649569409,3852.0527581277456,25.858589573580797,1
85.79572145730712,2.909600922557154,3623.4458577673595,14.119133317226098,1
64.77139972846732,5.41093237974627,2968.997995316984,22.437801485433592,1
65.79813182904142,3.9014118677157383,3475.724638529043,25.90945546479981,1
67.18215391139493,4.018849622944848,2816.746489815974,22.40454046374448,1
56.555494889657226,4.708214423256557,2148.0642065866405,18.98737886467585,1
60.81348053515802,4.233216131263502,2537.7670059352226,17.358514766685104,1
59.95859233247932,4.953136633913245,3781.4443842540986,25.18043825523128,1
62.32202434895871,4.287124165201824,2863.003459085348,12.885125373691634,1
69.65315112613219,3.3875626253595623,2878.3080103124908,15.149378698101781,1
72.3421473253652,4.361503525206102,2850.0809018625596,18.01221117254139,1
85.50500492814076,2.856273792679338,3952.0682947865034,26.18826878755999,1
60.016459592612094,4.108559705776523,3812.979457681032,21.89883818020448,1
79.84322398476584,3.9667700093555394,4109.390116724067,15.159771207448774,1
67.86011155774491,3.7918831427274604,2920.4773947999743,18.448461473075483,1
69.50536290347567,3.871462488561069,3147.8122443735474,16.92838427951853,1
76.74819492166604,2.1181509545023607,2241.6787252896047,16.451055038832326,1
58.772779784377015,3.4512750922590385,3738.467213059137,24.894447792783897,1
73.82409746184051,4.092844901141115,2416.1102243660325,13.141284353682472,1
71.66452208213056,4.1598563919974,3108.3877818813144,28.043904278671867,1
74.92451264008149,2.9723248590740416,2451.348736183578,24.141148450923115,1
72.89168643907819,5.2657078408647005,2705.5665866306517,25.45430835301849,1
94.55300139910895,3.133825151785499,2581.36878447515,17.68530243987371,0
63.62260015748684,4.969457200526737,2696.062369662091,19.250296404604452,1
64.69003044998182,4.427194361871685,2730.4386484255106,12.83424092737644,1
63.76859473575236,3.353772690156197,2725.8656025374617,17.376687964665983,1
64.44522880839746,5.775310892609512,3416.6669558901535,22.468274238215756,1
63.62612872693482,2.8063631682435197,2447.56860346874,26.48031530890698,1
81.89016531107552,4.919154173610002,3110.2707135069336,14.464215915987742,1
84.20504247989855,5.000582318042978,3608.9795761527794,18.17247031507367,1
64.29253706250523,3.329379790923355,2743.4018177433018,19.24350389883739,1
61.67644426895771,5.392465300064329,2641.040554626199,13.021053989037574,1
74.71415556386404,3.749953485401047,2884.7376874098745,22.956746208792,1
64.47776955719029,4.288693629279857,3589.862604180355,16.380048341286955,1
76.32931817755511,4.260321838771221,3097.0538154766787,19.02304824411488,1
72.029230208513,3.865691258529452,2734.392852696201,17.74025314044061,1
54.84255885002768,4.8108082731597825,3241.9383255940197,16.053307471401627,1
85.47505201330061,4.793488720552213,2448.8539250817885,19.964775072597227,1
87.95877673095522,2.2514680267618195,3340.679755221474,18.92195210715989,1
63.87211309515614,5.304340242878153,3204.3036538508836,18.140710588606673,1
66.12298440064016,2.3375080119643257,2846.095764430558,16.357691891598286,1
72.85865390724905,5.032546204341657,2580.7071007763843,21.597623353914777,1
73.34456789987026,5.126705136827583,2556.6595388582714,28.268086342461423,1
76.5854427267283,2.9090335697848015,3267.408668172955,20.699436164195635,1
90.1020453876635,3.589185712045415,3614.490251244531,24.980591074555644,0
68.2305277250595,2.8942953315140643,2681.346126485603,13.048890374232688,1
62.01702755461546,3.7850789697112646,3229.193351775742,20.78880719646885,1
56.20680771985473,3.6919657158142587,1956.4864906989656,14.513158405144667,1
62.69069960058081,4.7796605322693395,2707.6911346714,12.615375362340494,1
69.66873027126204,5.310308746119608,2984.470533564549,16.30314296270482,1
87.94557863517788,5.395683810789956,2545.158291509083,25.959496672067864,1
64.82388700963828,3.437831973421698,2531.746812605202,24.750079143348227,1
72.23787951638899,3.7907781262554723,2666.110221765557,21.215023610272,1
69.83577103927247,2.31656180777905,3146.0963641631865,12.336497200550346,1
81.88393273448084,3.1941299335038114,2906.335490796813,19.018596743060314,1
95.26932425873622,4.9648516330974575,1880.884383337514,21.50850004450868,0
64.6913122707968,5.615582823548232,1939.6499236824668,20.87768114789299,1
65.10560557481777,2.765651128120078,2696.567411071412,10.78103208259627,1
80.44160877069072,3.4075357408471056,3228.843293026776,15.54841075990064,1
76.81891489626311,3.973594243041073,1626.2475786373827,19.679611179256415,1
88.46707325736034,4.280161158819607,2750.1349119241845,22.68145454758595,1
75.83928185325964,3.1903964800783537,2736.8760717412893,9.019360894500268,1
66.40707909212941,4.424061044464089,3694.168889104224,19.189380122600706,1
75.9065483069231,3.526160652929084,2807.4890941435683,20.71524384939476,1
81.08703580582907,3.9855477291217207,3191.4944923704643,24.248059942581065,1
78.20482181197364,4.546284248003699,3070.6285700437315,23.464287921187182,1
75.07274031107298,4.006422269810938,1934.7167600963996,22.912856594044026,1
80.66674689589154,3.5636141094734315,3384.1036083158688,16.00029746649033,1
81.69295590445672,3.8903901960741694,3107.698252728144,10.459989314383462,1
83.82158991037527,3.911637040794665,3254.1343198372947,18.034736214692995,1
76.48709887589642,3.6299889701178722,4963.118853218163,25.0081591260428,1
68.32881919683146,3.7412039373328976,1957.9435302507059,26.96727263762216,1
71.46713686433323,5.598647170504717,3862.348324880554,23.552745511488926,1
82.06508966508358,4.560919447941239,2856.2762402998223,22.14670411400867,1
61.83064329012764,3.7045196819708397,3143.6644522015044,21.898198241929826,1
73.68673308872901,4.696954404510736,2977.243877349379,17.219406266196096,1
66.0666118767264,3.66618051024399,2787.881833300978,19.3496985322319,1
70.28744822934817,5.173124637586641,2715.0835358806207,28.345347629131656,1
82.78451862607298,4.369642192198094,3164.7543677865046,15.287209971040618,1
71.91099068019903,3.8926978559957712,2241.4131516641605,28.07389395354926,1
70.46436548156149,4.447716925810278,3375.289583760883,18.38985922753971,1
56.40143859020081,2.4291238479315007,2791.902797557373,26.62716054547539,1
77.46253566027221,2.8732325310901947,2434.965330479821,12.965924952512308,1
76.45484181141076,2.8060749936009444,2774.993571002093,22.929521005823247,1
91.6325472330546,4.142943094763707,3628.5746084312864,16.31614932026189,0
66.92221765046999,5.732514999485092,2732.3324564918885,12.923664040379062,1
72.1915032766394,6.231300146192632,3179.22680910481,21.092670212054728,0
72.49383683710755,4.638051101440757,2634.521862142263,25.047358942979844,1
85.77453279763475,4.500844474944457,3378.9609249618097,15.775292807032518,1
69.04704467613048,2.1989422658472613,3342.753869395102,12.504920197707994,1
72.7902152577034,3.457326200265978,3924.304416648206,19.540776178325224,1
76.0789650971654,3.212216248091761,2912.2180272503924,19.562823356114095,1
71.86609123156359,3.379152401748884,3334.327402378953,22.741598137772492,1
65.53566385449471,3.8318561814152106,3049.033769769472,24.747972856822443,1
71.94089992898307,3.527909422302873,3647.935890931507,19.70292409363753,1
80.73631749859771,2.020700189624212,2640.5838061956347,29.277516573971315,1
59.7348470058894,4.7479102561175335,3372.5026564386408,21.12117372267646,1
71.32969674146877,2.9272569742601933,2902.651351941659,18.267867469965502,1
62.99879185060827,4.239246864111149,2967.905911445751,11.94216320448586,1
81.95046628924842,6.0740826697499735,3045.8762422241866,18.68670239841916,0
54.76813095216225,3.0806154084135766,3126.120198213339,18.31806527294432,1
64.41078152728412,1.4697124772536703,2941.885478439021,24.80152398140735,1
73.7721187506452,3.713995778119889,3107.3565915852632,22.31241812033427,1
85.65524029234341,5.100959634998571,3789.0590287810924,14.103154391836913,1
69.34249738927012,5.958347454220593,3492.724842807609,20.86127193205519,1
64.44800473306802,2.7704504055475834,3434.5772962484484,23.357655858645266,1
88.8115706944059,4.496699223236522,2772.2302369880645,27.640156796939163,1
55.51986099583756,3.5346895432199466,2555.379585885838,24.437519837070298,1
48.01194043379918,3.8940516456958645,3477.6502791188764,23.80423327155739,1
74.40014450053333,6.644343347017035,3438.023396264897,20.30042997307582,0
64.97945775647389,2.497029671604847,3736.335337875491,21.941560027117248,1
59.787671828692865,4.253739661494573,2698.009687015385,26.247524503530794,1
77.08356447299353,4.467693171765434,2885.2256723198266,13.336113012601752,1
72.43800713771199,5.085786324939347,2180.257918737283,18.25280336391522,1
64.35921369263272,4.097983153470896,2803.7644469695633,16.137156256218795,1
57.19695601329106,4.308050539504102,3498.285255289724,21.89576559363062,1
78.72457328280144,3.6083514325782087,2766.752310385901,26.151110878253938,1
76.50201177958661,4.269126941245108,3320.239897600412,17.01512856639463,1
69.00824136220618,3.6568077245025896,2904.7484470010945,8.04847816265281,1
88.46636996047665,4.6215718898560505,3162.02851411078,17.93889627487765,1
59.29915233673847,3.630389663956366,2426.1543050921664,24.567368660087034,1
54.74474829075261,4.377100393902187,3042.6047248169507,22.688149514749398,1
63.080919301187556,3.970737186315022,1504.4320145496383,22.140931239052883,1
69.54413983644503,5.126050250772169,2906.5519209190074,18.600033490627602,1
72.43339449322691,3.948606276411514,2184.76337814243,13.604846318901068,1
67.5876394214367,2.2269675317931186,3602.997258273408,22.576471608122336,1
73.52055396514297,5.261921500713992,3388.7036763822557,15.828590949826875,1
57.48460575809556,3.094267699137381,3233.3354909830405,30.920483666902282,1
84.4376460407326,3.3462336613511803,3760.50311357969,22.85253604177258,1
69.17848821607431,3.404338705956508,2525.5417395875816,17.096758487230247,1
81.17295831588127,5.374438093170817,3873.681598957779,16.94307376305686,1
73.42725346377703,1.8643257860213045,3466.095782130192,19.535278966932058,1
74.56753219153784,7.137748533659994,2881.722356390527,18.80249038989125,0
75.69767280232205,5.056056809066051,3567.8100735914722,25.584168877649773,1
74.47708560017315,4.223238914129159,2446.853243794183,20.932080848720233,1
76.42722759867544,3.9451059993837134,2587.7429192361633,16.341841305457358,1
83.29152530132431,4.285554074857657,2695.70513838015,29.45220342577891,1
71.9652116970147,4.521122428379338,2735.5111459679924,20.246541657601114,1
77.09003757588512,4.645215585950057,2471.7211786198736,23.844198379844485,1
69.10264305712774,4.555604466003448,3611.5415335476628,16.958867462776205,1
84.40117215449473,4.089580681255248,2870.572799815084,21.815578138722618,1
63.2360769794073,3.802661579692674,3176.2524841784398,21.555549955715975,1
88.00940432910815,3.8487267163464884,2714.8243167931596,10.551753539519236,1
69.59842049355656,3.805091719647319,2089.6983497257415,30.0763755523032,1
55.69224897881952,5.133770096867065,3135.028679195711,26.453222304612737,1
71.2810441491079,4.593556722280862,2043.8725122901114,18.01402341927006,1
63.18948342525119,1.0596113653357198,2965.6829769572655,14.488651297720722,1
78.40643548988724,4.655900776529761,2315.842480583595,21.73780806901776,1
63.47376020697609,4.194736194718775,3993.637999615404,20.433488497071984,1
65.5381656678522,3.981291243554103,3455.681361087361,21.778344742816145,1
51.10459269054469,3.611481546911114,3052.8768956357403,20.957886980970446,1
65.47693680750923,5.124112719986013,3631.8533388273345,22.53120494652963,1
45.76120673371044,4.947526462122858,2576.842011267132,27.236528496959032,1
54.16097176514277,3.227122332176391,3271.7396893350465,22.840516025643232,1
77.60414656144297,4.407052287124535,3099.9052168593566,14.751722505450294,1
77.85800158650832,3.028343265458714,3132.010040666835,26.81281426356226,1
74.25457561784965,2.6203818352110693,3636.176750053384,28.203072817441438,1
60.33023856870787,3.373282775410035,3366.2460513899014,35.760283672560426,1
69.5228864385802,4.862393472382759,3144.3618314125115,14.38252983380201,1
69.96397460909432,4.953125045376087,2172.556281885852,21.214410065751373,1
58.416353108074574,4.513085420097293,2519.976852360268,9.589506484055065,1
85.0339830176715,4.725095786847997,2938.645533202138,22.765745781896044,1
78.77362290575671,4.5161782871149585,3046.6861871383257,17.258998509166137,1
67.79035826170336,3.3585184047770476,2434.898137663038,29.617228974124764,1
70.26885838994531,4.431922544673941,4205.8383377892105,16.12692514990709,1
72.08382807947552,4.800409525227682,3758.1970276267866,11.554084810163692,1
49.58265131575709,4.754291329813574,3301.059160196242,17.6436812964874,1
67.52822617479403,5.1889133714746425,3036.0184306418723,10.122561143914313,1
63.180157520022014,4.708303847201064,2893.8955150494244,23.75549727253655,1
59.983799901050844,4.351448207541583,2524.0407699888824,9.674584768718397,1
67.18899707114045,5.070150238316428,3038.7402592594312,20.142287905915794,1
87.97686526849523,3.9734787407509398,3128.8762700713755,9.610940900719015,1
76.4084286126701,3.118125348772282,2379.119712259188,18.39851097731679,1
64.28821010217203,3.836933036056236,3167.0882086224487,28.21689077902267,1
75.72582781356158,3.255097355193551,2922.3704755876256,21.803239457178975,1
